0.0,0.06666666666666667,0.16116666666666668,0.1816111111111111,0.18611111111111112,0.08322222222222223,0.135,0.22294444444444445,0.20416666666666664,0.12461111111111112,0.1652222222222222,0.0763888888888889,0.136,0.13627777777777775,0.2075,0.0782777777777778,0.1635555555555555,0.056777777777777774,0.07238888888888889,0.058888888888888886,0.24427777777777776,0.1924444444444444,0.04194444444444444,0.20444444444444443,0.124,0.1141111111111111,0.08905555555555555,0.14088888888888887,0.2018333333333333,0.16055555555555556,0.10405555555555555,0.12955555555555556,0.15816666666666665,0.11027777777777778,0.123,0.20922222222222225,0.06661111111111112,0.10277777777777776,0.07766666666666668,0.1933888888888889,0.2891111111111111,0.28438888888888886,0.06822222222222223,0.06966666666666667,0.17005555555555557,0.17633333333333331,0.043722222222222225,0.050555555555555555,0.02705555555555556,0.2303333333333333,0.1988888888888889
0.06816666666666667,0.0,0.103,0.24966666666666665,0.14583333333333334,0.1512777777777778,0.0926111111111111,0.2551111111111111,0.1796111111111111,0.11516666666666665,0.12494444444444444,0.08672222222222221,0.2040555555555556,0.2043333333333333,0.23966666666666664,0.14633333333333332,0.1968888888888889,0.12483333333333332,0.11955555555555555,0.12694444444444444,0.24538888888888888,0.23161111111111113,0.10416666666666669,0.2615,0.11383333333333334,0.08333333333333331,0.07888888888888888,0.08805555555555555,0.16549999999999998,0.20016666666666663,0.1721111111111111,0.12011111111111109,0.1,0.17833333333333334,0.06938888888888889,0.15638888888888888,0.008722222222222221,0.1297222222222222,0.13988888888888887,0.15311111111111111,0.2505,0.2552222222222222,0.13627777777777775,0.1377222222222222,0.23811111111111116,0.14,0.10455555555555555,0.0661111111111111,0.07249999999999998,0.26322222222222225,0.16255555555555556
0.12005555555555555,0.06488888888888888,0.0,0.3000555555555556,0.12805555555555556,0.20266666666666663,0.13777777777777775,0.23416666666666663,0.16777777777777775,0.1575,0.10716666666666667,0.141,0.2554444444444445,0.25572222222222224,0.2187222222222222,0.1977222222222222,0.22916666666666663,0.17622222222222222,0.16938888888888887,0.17833333333333334,0.2247222222222222,0.2318333333333333,0.15555555555555556,0.25677777777777777,0.15616666666666668,0.1285,0.1212222222222222,0.1005,0.15344444444444444,0.222,0.2235,0.1624444444444444,0.003,0.2297222222222222,0.07755555555555556,0.1811111111111111,0.051888888888888894,0.17205555555555554,0.19127777777777777,0.13533333333333333,0.22955555555555557,0.23427777777777775,0.18766666666666668,0.1891111111111111,0.28950000000000004,0.14494444444444443,0.15594444444444444,0.12038888888888888,0.12388888888888888,0.24605555555555556,0.1675
0.20461111111111113,0.2712777777777778,0.29533333333333334,0.0,0.2577777777777778,0.23938888888888887,0.2932777777777777,0.12194444444444444,0.1375,0.28288888888888886,0.247,0.2747777777777778,0.12427777777777776,0.10705555555555554,0.11733333333333332,0.25022222222222223,0.1335,0.24372222222222223,0.24877777777777776,0.2011666666666667,0.16088888888888891,0.10027777777777776,0.2427222222222222,0.07050000000000001,0.28650000000000003,0.2723888888888889,0.2515555555555556,0.32905555555555555,0.15305555555555556,0.1305,0.26655555555555555,0.2878333333333333,0.29233333333333333,0.15322222222222223,0.3214444444444445,0.3973888888888888,0.27122222222222214,0.2977777777777777,0.2742777777777778,0.26433333333333336,0.23955555555555555,0.1838333333333333,0.12383333333333332,0.213,0.12444444444444444,0.18194444444444444,0.23177777777777775,0.25516666666666665,0.23166666666666663,0.13844444444444443,0.18577777777777776
0.17544444444444443,0.1562777777777778,0.12683333333333335,0.28933333333333333,0.0,0.24972222222222223,0.22633333333333333,0.22344444444444445,0.15705555555555556,0.24888888888888888,0.07366666666666666,0.18,0.2456111111111111,0.2464444444444445,0.208,0.24477777777777776,0.21844444444444444,0.22327777777777777,0.23777777777777775,0.2253888888888889,0.214,0.22111111111111112,0.2073333333333333,0.24605555555555556,0.24755555555555556,0.21705555555555556,0.2126111111111111,0.1885,0.14272222222222222,0.21127777777777776,0.27055555555555555,0.2538333333333333,0.12383333333333332,0.2596111111111111,0.15383333333333332,0.2691111111111111,0.14327777777777775,0.2634444444444444,0.24305555555555555,0.029,0.21883333333333327,0.22355555555555556,0.23472222222222225,0.2361666666666667,0.29344444444444445,0.1342222222222222,0.2091111111111111,0.15716666666666665,0.20144444444444445,0.2353333333333333,0.15677777777777777
0.1101111111111111,0.17677777777777778,0.2712777777777778,0.20566666666666664,0.2826111111111111,0.0,0.20338888888888887,0.2435,0.2247222222222222,0.193,0.26172222222222224,0.1585,0.16505555555555557,0.15683333333333335,0.2280555555555556,0.072,0.1841111111111111,0.08677777777777777,0.13938888888888887,0.08533333333333333,0.26483333333333325,0.213,0.09455555555555553,0.225,0.1693333333333333,0.1825,0.1343888888888889,0.23916666666666664,0.24027777777777776,0.1811111111111111,0.0791111111111111,0.19794444444444445,0.2682777777777778,0.1325,0.23311111111111116,0.3075,0.17672222222222222,0.13416666666666663,0.11655555555555557,0.28988888888888886,0.3531111111111111,0.3049444444444444,0.11938888888888888,0.062,0.2033333333333333,0.24722222222222223,0.10972222222222222,0.16066666666666665,0.13566666666666663,0.2508888888888889,0.252
0.13322222222222224,0.08122222222222222,0.16877777777777775,0.27455555555555555,0.2116111111111111,0.17494444444444443,0.0,0.3158888888888889,0.24566666666666667,0.07177777777777777,0.19072222222222224,0.1502222222222222,0.22894444444444445,0.22922222222222224,0.3004444444444444,0.1763888888888889,0.2565,0.15488888888888888,0.14822222222222223,0.16799999999999998,0.30827777777777776,0.28538888888888886,0.13583333333333333,0.29738888888888887,0.094,0.028722222222222225,0.06627777777777778,0.0926111111111111,0.2315555555555556,0.2535,0.1738333333333333,0.07672222222222222,0.16577777777777775,0.21938888888888888,0.13544444444444445,0.16094444444444445,0.07449999999999998,0.1126111111111111,0.1382222222222222,0.21888888888888888,0.3131111111111111,0.3178333333333333,0.16116666666666668,0.16394444444444445,0.263,0.20605555555555555,0.16766666666666669,0.12961111111111112,0.13705555555555554,0.3232777777777778,0.22861111111111107
0.223,0.27883333333333327,0.2544444444444444,0.08649999999999998,0.21688888888888888,0.25072222222222224,0.31166666666666665,0.0,0.1126111111111111,0.3012777777777777,0.20611111111111113,0.2822222222222222,0.14477777777777778,0.11244444444444444,0.06244444444444445,0.26155555555555554,0.12905555555555556,0.26172222222222224,0.26716666666666666,0.21916666666666668,0.09127777777777779,0.0775,0.2611111111111111,0.04322222222222222,0.3048888888888889,0.29077777777777775,0.26994444444444443,0.31105555555555553,0.12816666666666665,0.12188888888888888,0.2778888888888889,0.30622222222222223,0.25144444444444447,0.1645555555555555,0.28055555555555556,0.39166666666666666,0.26583333333333325,0.3161666666666667,0.2922777777777778,0.22344444444444445,0.16994444444444443,0.11422222222222222,0.14222222222222222,0.22433333333333327,0.19016666666666668,0.15705555555555556,0.25016666666666665,0.27355555555555555,0.2500555555555556,0.06883333333333333,0.16088888888888891
0.2075555555555556,0.22027777777777777,0.1958888888888889,0.15983333333333333,0.15833333333333333,0.23527777777777775,0.29033333333333333,0.09505555555555553,0.0,0.2858333333333333,0.14755555555555555,0.23438888888888887,0.1145,0.11533333333333332,0.0796111111111111,0.2461111111111111,0.08766666666666667,0.24627777777777776,0.25172222222222224,0.20372222222222225,0.07483333333333331,0.09061111111111111,0.24566666666666667,0.11727777777777776,0.28944444444444445,0.27533333333333326,0.2545,0.2525,0.06627777777777778,0.0805,0.2624444444444444,0.29077777777777775,0.1928888888888889,0.1491111111111111,0.222,0.33311111111111114,0.20727777777777776,0.3007222222222222,0.27683333333333326,0.1648888888888889,0.16899999999999998,0.12083333333333332,0.12677777777777777,0.20888888888888887,0.16233333333333333,0.09516666666666669,0.23472222222222225,0.22533333333333333,0.23461111111111113,0.10316666666666664,0.099
0.14433333333333334,0.1025,0.19033333333333333,0.28344444444444444,0.23316666666666663,0.1838333333333333,0.042666666666666665,0.3247777777777778,0.2669444444444444,0.0,0.21227777777777776,0.17149999999999999,0.2378333333333333,0.23811111111111116,0.3093333333333333,0.18527777777777776,0.2653888888888889,0.16377777777777777,0.15711111111111112,0.17688888888888887,0.33116666666666666,0.2942777777777778,0.14472222222222222,0.3062777777777777,0.10288888888888888,0.07088888888888889,0.07516666666666667,0.07844444444444444,0.2528333333333333,0.2623888888888889,0.1827222222222222,0.03722222222222222,0.18733333333333327,0.22827777777777775,0.15672222222222223,0.14677777777777778,0.09577777777777778,0.1215,0.1471111111111111,0.2404444444444445,0.336,0.3407222222222222,0.17005555555555557,0.1728333333333333,0.2718888888888889,0.22733333333333333,0.17655555555555555,0.1508888888888889,0.1501111111111111,0.33216666666666667,0.24988888888888888
0.12844444444444444,0.10927777777777777,0.08261111111111111,0.27355555555555555,0.059166666666666666,0.20272222222222225,0.17933333333333334,0.20766666666666664,0.14127777777777775,0.20188888888888887,0.0,0.133,0.2298333333333333,0.23066666666666663,0.1922222222222222,0.19777777777777775,0.20266666666666663,0.17627777777777778,0.19077777777777777,0.1783888888888889,0.1982222222222222,0.2053333333333333,0.16033333333333336,0.23027777777777775,0.20055555555555557,0.17005555555555557,0.16561111111111113,0.1415,0.12694444444444444,0.1955,0.22355555555555556,0.2068333333333333,0.0796111111111111,0.2297777777777778,0.10683333333333332,0.22211111111111112,0.09627777777777778,0.21644444444444447,0.19605555555555557,0.0785,0.20305555555555557,0.20777777777777776,0.1877222222222222,0.18916666666666668,0.2776666666666667,0.11827777777777777,0.16211111111111112,0.11016666666666668,0.15444444444444444,0.21955555555555556,0.1408333333333333
0.06833333333333333,0.0737222222222222,0.15533333333333335,0.22766666666666668,0.16172222222222224,0.12927777777777777,0.15222222222222223,0.2677777777777778,0.1915555555555556,0.17622222222222222,0.1408333333333333,0.0,0.18205555555555555,0.1823333333333333,0.2523333333333333,0.12433333333333332,0.1938888888888889,0.10283333333333332,0.12677777777777777,0.094,0.2573333333333333,0.2385,0.10066666666666664,0.2505,0.17494444444444443,0.14294444444444443,0.14,0.14766666666666667,0.17744444444444443,0.19716666666666663,0.1501111111111111,0.18116666666666667,0.15233333333333332,0.15472222222222223,0.123,0.216,0.07605555555555556,0.1615,0.1333888888888889,0.16899999999999998,0.26472222222222225,0.268,0.11427777777777776,0.11466666666666667,0.21611111111111111,0.15194444444444444,0.08927777777777778,0.06111111111111111,0.09422222222222222,0.27516666666666667,0.1745
0.16383333333333333,0.2305,0.2701111111111111,0.11744444444444443,0.2325555555555556,0.17555555555555555,0.2525,0.13516666666666668,0.11638888888888888,0.2421111111111111,0.22177777777777777,0.234,0.0,0.06861111111111111,0.1197222222222222,0.18638888888888888,0.09677777777777775,0.19833333333333333,0.208,0.16,0.1565,0.11505555555555554,0.19944444444444445,0.13677777777777775,0.24572222222222223,0.23161111111111113,0.21077777777777773,0.28827777777777774,0.13194444444444445,0.09377777777777778,0.20272222222222225,0.24705555555555556,0.26711111111111113,0.10538888888888888,0.2868333333333333,0.3566111111111111,0.23044444444444445,0.24855555555555553,0.2288888888888889,0.2391111111111111,0.24477777777777776,0.19661111111111107,0.08305555555555555,0.14916666666666667,0.08594444444444443,0.16083333333333333,0.191,0.21438888888888888,0.19088888888888889,0.14255555555555555,0.16466666666666663
0.13916666666666666,0.2058333333333333,0.2500555555555556,0.0961111111111111,0.2125,0.16688888888888886,0.22783333333333333,0.1151111111111111,0.09566666666666665,0.21744444444444444,0.20172222222222225,0.20822222222222225,0.0655,0.0,0.09966666666666665,0.1777222222222222,0.05505555555555555,0.17788888888888887,0.1833333333333333,0.13533333333333333,0.13644444444444445,0.095,0.17727777777777778,0.11544444444444445,0.22105555555555556,0.20694444444444443,0.18611111111111112,0.26361111111111113,0.11122222222222222,0.05205555555555556,0.1940555555555556,0.22238888888888889,0.24705555555555556,0.08072222222222222,0.2552222222222222,0.33194444444444443,0.20577777777777773,0.2323333333333333,0.20844444444444443,0.21905555555555556,0.2247222222222222,0.17655555555555555,0.058388888888888886,0.1405,0.11333333333333331,0.1401111111111111,0.16633333333333333,0.1897222222222222,0.1662222222222222,0.1225,0.12983333333333333
0.1814444444444445,0.22466666666666665,0.20027777777777775,0.1337222222222222,0.1627222222222222,0.20916666666666664,0.2701111111111111,0.07038888888888889,0.068,0.25972222222222224,0.15194444444444444,0.23294444444444443,0.08838888888888889,0.0892222222222222,0.0,0.22,0.07977777777777778,0.22016666666666668,0.22561111111111112,0.1776111111111111,0.08327777777777777,0.0645,0.21955555555555556,0.09300000000000001,0.26333333333333325,0.24922222222222223,0.2283888888888889,0.2568888888888889,0.08005555555555553,0.0726111111111111,0.23633333333333328,0.26466666666666666,0.1972777777777778,0.123,0.2263888888888889,0.3375,0.21166666666666664,0.27461111111111114,0.25072222222222224,0.16927777777777775,0.17155555555555557,0.12338888888888888,0.10066666666666664,0.18277777777777776,0.1362222222222222,0.11244444444444444,0.2086111111111111,0.2297222222222222,0.2085,0.06933333333333333,0.11627777777777779
0.06233333333333334,0.129,0.2235,0.185,0.2348333333333333,0.04738888888888889,0.16294444444444445,0.22633333333333333,0.2075555555555556,0.15255555555555556,0.2139444444444445,0.11072222222222222,0.13938888888888887,0.13966666666666666,0.21088888888888888,0.0,0.16694444444444445,0.039,0.09161111111111112,0.06161111111111112,0.24766666666666667,0.19583333333333333,0.04677777777777778,0.20783333333333331,0.14327777777777775,0.14205555555555555,0.10833333333333332,0.1987222222222222,0.22311111111111112,0.16394444444444445,0.06822222222222223,0.1575,0.2205,0.11244444444444444,0.18533333333333332,0.26705555555555555,0.12894444444444444,0.1076111111111111,0.07377777777777779,0.2421111111111111,0.33511111111111114,0.28777777777777774,0.07161111111111111,0.04111111111111111,0.17344444444444443,0.21916666666666668,0.06194444444444445,0.11288888888888889,0.08788888888888886,0.23372222222222225,0.2325
0.195,0.20916666666666664,0.218,0.15666666666666668,0.1804444444444445,0.2227222222222222,0.2836666666666667,0.10888888888888888,0.05605555555555556,0.2732777777777778,0.16966666666666666,0.19661111111111107,0.11255555555555553,0.10783333333333332,0.09344444444444444,0.23355555555555557,0.0,0.22188888888888889,0.23916666666666664,0.17933333333333334,0.09844444444444445,0.08466666666666665,0.2274444444444444,0.11455555555555554,0.27688888888888885,0.2627777777777778,0.24194444444444443,0.27461111111111114,0.06949999999999999,0.07227777777777777,0.24988888888888888,0.2782222222222222,0.215,0.13322222222222224,0.22566666666666663,0.3552222222222222,0.21427777777777776,0.2881666666666667,0.2524444444444444,0.187,0.18672222222222223,0.14444444444444443,0.11422222222222222,0.19633333333333333,0.1603888888888889,0.09838888888888889,0.21566666666666667,0.19827777777777775,0.2220555555555556,0.11627777777777779,0.09055555555555556
0.042611111111111113,0.10927777777777777,0.20377777777777775,0.19172222222222224,0.21688888888888888,0.07138888888888889,0.13555555555555557,0.23305555555555557,0.21427777777777776,0.12516666666666668,0.196,0.11277777777777778,0.1461111111111111,0.1463888888888889,0.21761111111111112,0.06644444444444444,0.1736666666666667,0.0,0.06538888888888889,0.07083333333333333,0.2543888888888889,0.2025555555555556,0.013666666666666667,0.21455555555555555,0.11527777777777778,0.11466666666666667,0.08033333333333331,0.1713333333333333,0.2298333333333333,0.17066666666666666,0.09222222222222222,0.13011111111111107,0.20077777777777775,0.1222222222222222,0.16561111111111113,0.23966666666666664,0.10922222222222222,0.0796111111111111,0.04683333333333333,0.22416666666666665,0.3198888888888889,0.29450000000000004,0.07833333333333334,0.06677777777777777,0.18016666666666664,0.2071111111111111,0.06977777777777777,0.09316666666666666,0.06966666666666667,0.2404444444444445,0.22966666666666663
0.10222222222222221,0.12211111111111111,0.219,0.2491111111111111,0.2601111111111111,0.11133333333333333,0.1131111111111111,0.2904444444444444,0.27166666666666667,0.10272222222222221,0.23922222222222225,0.17238888888888887,0.2035,0.20377777777777775,0.275,0.122,0.23105555555555557,0.10166666666666666,0.0,0.12638888888888888,0.3117777777777778,0.2599444444444444,0.0793888888888889,0.27194444444444443,0.07905555555555557,0.09222222222222222,0.04411111111111112,0.14888888888888888,0.27455555555555555,0.2280555555555556,0.11022222222222222,0.10766666666666667,0.216,0.17777777777777778,0.17844444444444443,0.21722222222222223,0.12444444444444444,0.049,0.0746111111111111,0.2673888888888889,0.3618333333333333,0.35188888888888886,0.1357222222222222,0.12233333333333332,0.2375555555555556,0.24905555555555556,0.12605555555555556,0.15033333333333335,0.12927777777777777,0.29783333333333334,0.2716111111111111
0.03672222222222222,0.10338888888888888,0.1978888888888889,0.1673888888888889,0.20922222222222225,0.069,0.1398333333333333,0.20872222222222225,0.18994444444444444,0.12944444444444445,0.18833333333333327,0.08511111111111112,0.12177777777777776,0.12205555555555556,0.19327777777777777,0.06405555555555556,0.14933333333333335,0.042555555555555555,0.08361111111111111,0.0,0.2300555555555556,0.17822222222222223,0.048111111111111104,0.1902222222222222,0.13305555555555557,0.11894444444444444,0.09811111111111111,0.1756111111111111,0.2055,0.14633333333333332,0.0898333333333333,0.1343888888888889,0.1948888888888889,0.09605555555555555,0.1597222222222222,0.2439444444444445,0.10333333333333332,0.10894444444444444,0.0731111111111111,0.2165,0.31222222222222223,0.27016666666666667,0.054,0.05544444444444444,0.15583333333333332,0.19944444444444445,0.036333333333333336,0.08727777777777777,0.062277777777777765,0.21611111111111111,0.21488888888888888
0.23411111111111113,0.27166666666666667,0.24727777777777776,0.14544444444444443,0.20972222222222223,0.26183333333333336,0.3227777777777778,0.0898888888888889,0.11238888888888889,0.3123888888888889,0.19894444444444445,0.28205555555555556,0.14105555555555555,0.14188888888888887,0.1076111111111111,0.2726666666666666,0.1288888888888889,0.27283333333333337,0.27827777777777774,0.23027777777777775,0.0,0.11716666666666666,0.27222222222222214,0.10216666666666666,0.31599999999999995,0.3018888888888889,0.28105555555555556,0.3038888888888889,0.12794444444444444,0.1217222222222222,0.28900000000000003,0.3173333333333333,0.24427777777777776,0.17566666666666667,0.2733888888888889,0.3845,0.25866666666666666,0.3272777777777778,0.3033888888888889,0.21627777777777776,0.11794444444444444,0.06977777777777777,0.15333333333333332,0.23544444444444443,0.18888888888888888,0.15683333333333335,0.2612777777777778,0.27672222222222226,0.26116666666666666,0.035333333333333335,0.16066666666666665
0.188,0.24494444444444444,0.22061111111111112,0.11472222222222223,0.18305555555555555,0.21572222222222223,0.27666666666666667,0.07966666666666665,0.06277777777777778,0.2662777777777778,0.17227777777777775,0.23238888888888887,0.09494444444444444,0.09577777777777778,0.06338888888888888,0.2265555555555556,0.07922222222222222,0.22672222222222224,0.23216666666666663,0.18416666666666667,0.107,0.0,0.22611111111111112,0.07077777777777779,0.2698888888888889,0.25577777777777777,0.2349444444444444,0.2772222222222222,0.07833333333333334,0.07205555555555555,0.24288888888888888,0.27122222222222214,0.21761111111111112,0.12955555555555556,0.24672222222222223,0.35783333333333334,0.232,0.2811666666666667,0.25727777777777777,0.18961111111111112,0.19527777777777777,0.1471111111111111,0.1072222222222222,0.18933333333333333,0.14277777777777778,0.1072222222222222,0.21516666666666667,0.2340555555555556,0.21505555555555556,0.09305555555555556,0.11105555555555556
0.06416666666666665,0.13083333333333333,0.22533333333333333,0.20622222222222225,0.23844444444444443,0.0805,0.14972222222222223,0.24755555555555556,0.22877777777777775,0.1393333333333333,0.21755555555555556,0.13194444444444445,0.16061111111111112,0.16088888888888891,0.23211111111111113,0.07544444444444445,0.18816666666666665,0.04394444444444444,0.08694444444444446,0.0835,0.2688888888888889,0.21705555555555556,0.0,0.2290555555555556,0.11566666666666664,0.12883333333333333,0.08072222222222222,0.1855,0.24433333333333332,0.18516666666666667,0.10133333333333332,0.14427777777777778,0.22233333333333327,0.1348888888888889,0.18716666666666665,0.2538333333333333,0.13077777777777777,0.08,0.044611111111111115,0.24572222222222223,0.34144444444444444,0.30900000000000005,0.09283333333333331,0.0796111111111111,0.19466666666666663,0.22866666666666668,0.08316666666666665,0.11472222222222223,0.0912222222222222,0.2549444444444444,0.25122222222222224
0.20077777777777775,0.2674444444444444,0.24433333333333332,0.06427777777777778,0.20677777777777775,0.2285,0.28944444444444445,0.07083333333333333,0.08649999999999998,0.27905555555555556,0.196,0.2561111111111111,0.11866666666666668,0.09022222222222225,0.06622222222222222,0.23933333333333331,0.10294444444444444,0.2395,0.24494444444444444,0.19694444444444445,0.10977777777777777,0.05138888888888889,0.23888888888888887,0.0,0.2826666666666667,0.26855555555555555,0.2477222222222222,0.30094444444444446,0.10205555555555557,0.09577777777777778,0.25566666666666665,0.284,0.2413333333333333,0.1423333333333333,0.27044444444444443,0.38155555555555554,0.25572222222222224,0.29394444444444445,0.27005555555555555,0.21333333333333332,0.18844444444444444,0.1327222222222222,0.12,0.20211111111111116,0.16649999999999998,0.13094444444444445,0.22794444444444445,0.2513333333333333,0.22783333333333333,0.08733333333333333,0.13477777777777775
0.11727777777777776,0.10927777777777777,0.2061666666666667,0.25916666666666666,0.24727777777777776,0.13977777777777775,0.09361111111111112,0.3005,0.27583333333333326,0.08322222222222223,0.2263888888888889,0.16811111111111113,0.21355555555555555,0.2138333333333333,0.2850555555555556,0.15044444444444446,0.2411111111111111,0.13011111111111107,0.13283333333333333,0.15261111111111111,0.3218333333333333,0.27,0.10783333333333332,0.282,0.0,0.07272222222222224,0.025611111111111112,0.1293888888888889,0.26172222222222224,0.23811111111111116,0.13866666666666666,0.08816666666666666,0.20316666666666663,0.204,0.16561111111111113,0.1977222222222222,0.11161111111111112,0.07744444444444445,0.10305555555555557,0.25455555555555553,0.34900000000000003,0.3522777777777778,0.14577777777777776,0.14855555555555555,0.24761111111111112,0.23622222222222225,0.1522777777777778,0.1375,0.12305555555555556,0.30788888888888893,0.2587777777777778
0.1045,0.0525,0.14005555555555554,0.2855,0.18288888888888888,0.18711111111111112,0.06266666666666666,0.28900000000000003,0.21694444444444444,0.0995,0.162,0.1215,0.23988888888888887,0.24016666666666664,0.27355555555555555,0.18216666666666664,0.23166666666666663,0.16066666666666665,0.15383333333333332,0.16277777777777777,0.27955555555555556,0.26894444444444443,0.14,0.29883333333333334,0.1165,0.0,0.08877777777777779,0.0843888888888889,0.2028333333333333,0.2349444444444444,0.19633333333333333,0.10444444444444444,0.13705555555555554,0.21416666666666667,0.1067222222222222,0.1527222222222222,0.04577777777777778,0.13511111111111107,0.16072222222222224,0.19016666666666668,0.28438888888888886,0.2891111111111111,0.1721111111111111,0.17355555555555555,0.27394444444444443,0.17733333333333332,0.14038888888888887,0.10088888888888888,0.10833333333333332,0.3005555555555556,0.1998888888888889
0.11294444444444444,0.10494444444444444,0.2018333333333333,0.2548333333333333,0.2429444444444445,0.13544444444444445,0.09927777777777776,0.2961666666666667,0.2715,0.08888888888888889,0.2220555555555556,0.16377777777777777,0.20922222222222225,0.2095,0.2807222222222222,0.1461111111111111,0.23677777777777775,0.1257777777777778,0.1285,0.14827777777777776,0.3175,0.26566666666666666,0.1035,0.2776666666666667,0.034944444444444445,0.07838888888888888,0.0,0.1350555555555555,0.2573888888888889,0.23377777777777775,0.13433333333333333,0.09383333333333331,0.1988333333333333,0.19966666666666663,0.1612777777777778,0.20338888888888887,0.10727777777777776,0.0731111111111111,0.09872222222222221,0.25022222222222223,0.3446666666666667,0.34794444444444445,0.14144444444444443,0.14422222222222222,0.24327777777777773,0.23188888888888887,0.14794444444444446,0.13316666666666663,0.1187222222222222,0.3035555555555555,0.2544444444444444
0.13277777777777777,0.08077777777777778,0.1418333333333333,0.31377777777777777,0.18466666666666665,0.21538888888888888,0.08483333333333333,0.29077777777777775,0.2243888888888889,0.08405555555555555,0.16377777777777777,0.1497777777777778,0.26816666666666666,0.26844444444444443,0.27533333333333326,0.2104444444444445,0.2599444444444444,0.18894444444444447,0.1821111111111111,0.19105555555555556,0.28133333333333327,0.28844444444444445,0.16827777777777775,0.3133888888888889,0.14533333333333334,0.108,0.11761111111111112,0.0,0.2100555555555556,0.26322222222222225,0.22516666666666668,0.07966666666666665,0.1388333333333333,0.24244444444444443,0.135,0.0806111111111111,0.07405555555555556,0.16394444444444445,0.1895555555555556,0.19194444444444445,0.2861666666666667,0.29088888888888886,0.20038888888888887,0.2018333333333333,0.3022222222222222,0.2015555555555556,0.1686666666666667,0.12916666666666668,0.13661111111111113,0.30266666666666664,0.22411111111111107
0.20305555555555557,0.20038888888888887,0.17705555555555555,0.15844444444444444,0.13949999999999999,0.23077777777777775,0.2715,0.10938888888888888,0.014333333333333332,0.28133333333333327,0.1287222222222222,0.19666666666666663,0.1131111111111111,0.11394444444444445,0.09394444444444444,0.2416111111111111,0.08216666666666665,0.22933333333333333,0.24722222222222223,0.18677777777777776,0.08916666666666667,0.08522222222222223,0.23488888888888887,0.1151111111111111,0.28494444444444444,0.26222222222222225,0.25,0.2336666666666667,0.0,0.07499999999999998,0.2579444444444445,0.28627777777777774,0.17405555555555555,0.14066666666666666,0.1993333333333333,0.3142777777777778,0.18844444444444444,0.2957222222222222,0.2598888888888889,0.14605555555555555,0.14577777777777776,0.12994444444444445,0.12227777777777776,0.20438888888888887,0.16094444444444445,0.05744444444444445,0.22311111111111112,0.1895,0.23011111111111107,0.11683333333333334,0.06127777777777778
0.199,0.24916666666666668,0.23105555555555557,0.1512777777777778,0.1935,0.22672222222222224,0.2876666666666666,0.10227777777777776,0.06699999999999999,0.27727777777777773,0.1827222222222222,0.23661111111111113,0.10594444444444444,0.10677777777777776,0.08683333333333335,0.2375555555555556,0.08344444444444443,0.23772222222222217,0.24316666666666664,0.19516666666666668,0.11344444444444444,0.07805555555555556,0.23711111111111113,0.10794444444444444,0.28088888888888885,0.2667777777777778,0.24594444444444444,0.2876666666666666,0.08255555555555555,0.0,0.2538888888888889,0.2822222222222222,0.2280555555555556,0.14055555555555554,0.2533333333333333,0.36827777777777776,0.24244444444444443,0.29216666666666663,0.2682777777777778,0.2000555555555556,0.1997777777777778,0.15944444444444444,0.11822222222222221,0.2003333333333333,0.1537777777777778,0.11144444444444444,0.22616666666666668,0.23827777777777773,0.22605555555555557,0.10966666666666668,0.11527777777777778
0.10038888888888887,0.16683333333333333,0.26155555555555554,0.2230555555555556,0.2728888888888889,0.03238888888888889,0.15666666666666668,0.2643888888888889,0.2456111111111111,0.14627777777777778,0.252,0.1487777777777778,0.17744444444444443,0.1777222222222222,0.24894444444444447,0.062277777777777765,0.205,0.07705555555555553,0.12966666666666668,0.08072222222222222,0.2857222222222222,0.23388888888888887,0.08483333333333333,0.24588888888888888,0.1226111111111111,0.13577777777777775,0.08766666666666667,0.1924444444444444,0.25972222222222224,0.202,0.0,0.1512222222222222,0.25855555555555554,0.13155555555555556,0.22316666666666665,0.2607777777777778,0.167,0.08744444444444446,0.08527777777777777,0.2801666666666667,0.3585555555555555,0.32583333333333325,0.10966666666666668,0.06022222222222223,0.2115,0.2426111111111111,0.1,0.15094444444444444,0.12594444444444444,0.2717777777777778,0.2559444444444444
0.12255555555555556,0.10161111111111112,0.18916666666666668,0.26166666666666666,0.232,0.1620555555555555,0.0748888888888889,0.303,0.26605555555555555,0.0645,0.2111111111111111,0.17061111111111113,0.21605555555555556,0.21633333333333327,0.2875555555555556,0.1635,0.2436111111111111,0.142,0.13533333333333333,0.15511111111111112,0.3243333333333333,0.2725,0.12294444444444444,0.28450000000000003,0.0811111111111111,0.04911111111111111,0.05338888888888889,0.11066666666666666,0.25194444444444447,0.24061111111111116,0.16094444444444445,0.0,0.18616666666666667,0.2065,0.15583333333333332,0.179,0.09488888888888888,0.09972222222222223,0.12533333333333332,0.23927777777777776,0.3335,0.3382222222222222,0.14827777777777776,0.15105555555555555,0.2501111111111111,0.22644444444444445,0.1547777777777778,0.14277777777777778,0.12833333333333333,0.31038888888888894,0.249
0.11705555555555557,0.06188888888888889,0.003,0.2970555555555556,0.12505555555555556,0.19966666666666663,0.13477777777777775,0.2311666666666667,0.1647777777777778,0.15450000000000003,0.10416666666666669,0.138,0.2524444444444444,0.25272222222222224,0.21572222222222223,0.1947222222222222,0.22616666666666668,0.17322222222222222,0.1663888888888889,0.17533333333333334,0.22172222222222224,0.22883333333333333,0.15255555555555556,0.25377777777777777,0.15316666666666667,0.1255,0.11822222222222221,0.0975,0.15044444444444446,0.219,0.2205,0.15944444444444444,0.0,0.22672222222222224,0.07455555555555556,0.1781111111111111,0.04888888888888889,0.16905555555555557,0.18827777777777777,0.13233333333333333,0.2265555555555556,0.23127777777777775,0.18466666666666665,0.18611111111111112,0.28650000000000003,0.14194444444444443,0.15294444444444444,0.11738888888888888,0.12088888888888888,0.24305555555555555,0.1645
0.11738888888888888,0.18405555555555556,0.27855555555555556,0.1508888888888889,0.2629444444444444,0.13805555555555554,0.20588888888888887,0.1887222222222222,0.16994444444444443,0.1955,0.25216666666666665,0.16577777777777775,0.11027777777777778,0.10205555555555557,0.17327777777777775,0.14472222222222222,0.12933333333333333,0.12322222222222225,0.16427777777777777,0.08066666666666665,0.2100555555555556,0.15822222222222224,0.1287777777777778,0.1702222222222222,0.19911111111111107,0.185,0.16416666666666663,0.24166666666666664,0.1855,0.12633333333333333,0.15888888888888889,0.20044444444444445,0.27555555555555555,0.0,0.24038888888888887,0.31,0.184,0.18961111111111112,0.1537777777777778,0.2695,0.2975555555555556,0.25016666666666665,0.04527777777777778,0.10433333333333332,0.1471111111111111,0.1816111111111111,0.117,0.16794444444444445,0.14294444444444443,0.19611111111111112,0.1949444444444444
0.11894444444444444,0.0785,0.07888888888888888,0.26966666666666667,0.11888888888888888,0.19322222222222224,0.15733333333333333,0.22066666666666665,0.14444444444444443,0.17705555555555555,0.098,0.1235,0.22433333333333327,0.22516666666666668,0.20522222222222225,0.18827777777777777,0.1933888888888889,0.16677777777777775,0.18127777777777776,0.16888888888888887,0.21022222222222217,0.19644444444444445,0.15083333333333335,0.22633333333333333,0.17572222222222222,0.14805555555555555,0.14077777777777775,0.1397222222222222,0.13033333333333333,0.1862222222222222,0.21405555555555555,0.182,0.07588888888888888,0.22027777777777777,0.0,0.22033333333333333,0.07144444444444444,0.1916111111111111,0.18655555555555556,0.12616666666666668,0.21761111111111112,0.22088888888888888,0.17822222222222223,0.17966666666666664,0.2721666666666666,0.10483333333333332,0.15261111111111111,0.10066666666666664,0.14177777777777778,0.2280555555555556,0.12738888888888888
0.198,0.146,0.22216666666666665,0.379,0.265,0.28061111111111114,0.15005555555555558,0.3711111111111111,0.3047222222222222,0.14927777777777776,0.2441111111111111,0.215,0.3333888888888889,0.33366666666666667,0.3556666666666667,0.27566666666666667,0.32516666666666666,0.25416666666666665,0.24733333333333327,0.25627777777777777,0.36166666666666664,0.36244444444444446,0.2335,0.39233333333333337,0.21055555555555555,0.17322222222222222,0.18283333333333332,0.08033333333333331,0.29038888888888886,0.3284444444444445,0.29038888888888886,0.1448888888888889,0.21916666666666668,0.30766666666666664,0.2002222222222222,0.0,0.13927777777777775,0.22916666666666663,0.25477777777777777,0.2722777777777778,0.3665,0.37122222222222223,0.2656111111111112,0.26705555555555555,0.3674444444444444,0.27083333333333326,0.23388888888888887,0.1943888888888889,0.2018333333333333,0.383,0.29338888888888887
0.06816666666666667,0.020111111111111114,0.09455555555555553,0.24916666666666668,0.1373888888888889,0.15077777777777776,0.08588888888888889,0.24666666666666667,0.1711666666666667,0.10561111111111111,0.1165,0.0891111111111111,0.20355555555555557,0.20383333333333328,0.2312222222222222,0.14583333333333334,0.19927777777777775,0.12433333333333332,0.1175,0.12644444444444444,0.23694444444444443,0.22316666666666665,0.10366666666666664,0.25305555555555553,0.10427777777777776,0.0766111111111111,0.06933333333333333,0.08133333333333334,0.15705555555555556,0.2025555555555556,0.1716111111111111,0.11055555555555556,0.09155555555555556,0.17783333333333334,0.06094444444444445,0.14966666666666664,0.0,0.12016666666666669,0.13938888888888887,0.14466666666666667,0.24205555555555555,0.24677777777777776,0.13577777777777775,0.1372222222222222,0.2376111111111111,0.13155555555555556,0.10405555555555555,0.0685,0.072,0.25477777777777777,0.1541111111111111
0.10822222222222223,0.1473888888888889,0.24427777777777776,0.2308888888888889,0.2807222222222222,0.08644444444444443,0.1372222222222222,0.27222222222222214,0.2534444444444444,0.12683333333333335,0.2598333333333333,0.1566111111111111,0.18527777777777776,0.18555555555555556,0.25677777777777777,0.10416666666666669,0.21283333333333332,0.0773888888888889,0.13427777777777777,0.10816666666666666,0.2935555555555556,0.24172222222222223,0.08344444444444443,0.25372222222222224,0.10316666666666664,0.11633333333333332,0.06822222222222223,0.173,0.269,0.2098333333333333,0.08533333333333333,0.13177777777777777,0.24127777777777776,0.15955555555555556,0.20372222222222225,0.2413333333333333,0.14972222222222223,0.0,0.06394444444444444,0.288,0.381,0.33366666666666667,0.1175,0.10355555555555555,0.21933333333333332,0.26505555555555554,0.10783333333333332,0.1587777777777778,0.13377777777777777,0.27961111111111114,0.27838888888888885
0.08699999999999998,0.13766666666666663,0.23455555555555557,0.21894444444444447,0.2612777777777778,0.08405555555555555,0.1275,0.2602777777777778,0.2415,0.11711111111111112,0.24038888888888887,0.14466666666666667,0.1733333333333333,0.1736111111111111,0.2448333333333333,0.09222222222222222,0.20088888888888887,0.06544444444444444,0.10977777777777777,0.09622222222222222,0.2816111111111111,0.2297777777777778,0.05894444444444444,0.24177777777777773,0.09344444444444444,0.10661111111111111,0.0585,0.16327777777777777,0.25705555555555554,0.1978888888888889,0.09161111111111112,0.12205555555555556,0.2315555555555556,0.1476111111111111,0.194,0.23161111111111113,0.14,0.058277777777777776,0.0,0.26855555555555555,0.36427777777777776,0.32172222222222224,0.10555555555555556,0.09016666666666669,0.20738888888888887,0.2515,0.09588888888888888,0.13755555555555554,0.11405555555555556,0.26766666666666666,0.2664444444444445
0.1756111111111111,0.15644444444444447,0.127,0.27577777777777773,0.03311111111111111,0.24988888888888888,0.2265,0.20988888888888887,0.1435,0.24905555555555556,0.0631111111111111,0.18016666666666664,0.23205555555555557,0.23288888888888887,0.19444444444444445,0.24494444444444444,0.20488888888888887,0.22344444444444445,0.23794444444444443,0.2255555555555556,0.20044444444444445,0.2075555555555556,0.2075,0.2325,0.2477222222222222,0.21722222222222223,0.21277777777777776,0.18866666666666668,0.12916666666666668,0.1977222222222222,0.27072222222222225,0.254,0.124,0.24605555555555556,0.154,0.2692777777777778,0.14344444444444443,0.26361111111111113,0.24322222222222223,0.0,0.20527777777777775,0.21,0.23488888888888887,0.23633333333333328,0.27988888888888885,0.12066666666666664,0.20927777777777776,0.15733333333333333,0.20161111111111113,0.22177777777777777,0.14322222222222222
0.2089444444444445,0.18561111111111112,0.1612222222222222,0.25077777777777777,0.12366666666666666,0.2832222222222222,0.25566666666666665,0.18722222222222223,0.12038888888888888,0.2782222222222222,0.11288888888888889,0.21022222222222217,0.20544444444444443,0.20627777777777775,0.17177777777777775,0.27827777777777774,0.17938888888888888,0.25677777777777777,0.2712777777777778,0.2588888888888889,0.137,0.18155555555555555,0.24083333333333332,0.2098333333333333,0.27688888888888885,0.24638888888888888,0.24194444444444443,0.21783333333333332,0.10605555555555556,0.17222222222222222,0.3040555555555555,0.2831666666666667,0.15822222222222224,0.22533333333333333,0.18733333333333327,0.29844444444444446,0.1726111111111111,0.2927777777777778,0.27655555555555555,0.13022222222222224,0.0,0.1491111111111111,0.2177222222222222,0.26966666666666667,0.25327777777777777,0.11044444444444444,0.2426111111111111,0.19066666666666665,0.2349444444444444,0.16533333333333333,0.11811111111111113
0.27205555555555555,0.2487222222222222,0.22433333333333327,0.18305555555555555,0.18677777777777776,0.3108333333333333,0.31877777777777777,0.1275,0.11844444444444444,0.34133333333333327,0.176,0.27333333333333326,0.1900555555555556,0.19088888888888889,0.1515,0.32166666666666666,0.16155555555555556,0.31394444444444447,0.3272777777777778,0.2713888888888889,0.049,0.16616666666666668,0.30394444444444446,0.13977777777777775,0.34,0.3095,0.3050555555555556,0.28094444444444444,0.10411111111111113,0.15594444444444444,0.338,0.34627777777777774,0.22133333333333327,0.22466666666666665,0.25044444444444447,0.3615555555555555,0.23572222222222225,0.35588888888888887,0.3396666666666667,0.19333333333333327,0.09144444444444447,0.0,0.2023333333333333,0.28444444444444444,0.23788888888888887,0.1367222222222222,0.3057222222222222,0.25377777777777777,0.2980555555555556,0.07583333333333332,0.14055555555555554
0.08077777777777778,0.14744444444444443,0.24194444444444443,0.11338888888888889,0.25322222222222224,0.1347222222222222,0.16944444444444445,0.15583333333333332,0.13705555555555554,0.15905555555555556,0.23416666666666663,0.15094444444444444,0.06777777777777777,0.08788888888888886,0.14038888888888887,0.14138888888888887,0.11605555555555556,0.11988888888888888,0.12494444444444444,0.07733333333333331,0.17716666666666667,0.1357222222222222,0.11888888888888888,0.15605555555555553,0.16266666666666668,0.14855555555555555,0.12772222222222224,0.20522222222222225,0.15261111111111111,0.11305555555555556,0.15555555555555556,0.164,0.23894444444444443,0.0926111111111111,0.20377777777777775,0.27355555555555555,0.1473888888888889,0.17394444444444443,0.15044444444444446,0.2597777777777778,0.2654444444444444,0.21727777777777776,0.0,0.101,0.10183333333333335,0.17827777777777776,0.10794444444444444,0.13133333333333333,0.10783333333333332,0.16322222222222224,0.18533333333333332
0.07088888888888889,0.13755555555555554,0.23205555555555557,0.1890555555555556,0.24338888888888888,0.04872222222222222,0.17094444444444443,0.2268888888888889,0.20811111111111116,0.16055555555555556,0.2225,0.11927777777777776,0.14844444444444443,0.14022222222222222,0.2114444444444445,0.05938888888888889,0.1675,0.059611111111111115,0.09683333333333334,0.034166666666666665,0.24822222222222223,0.1963888888888889,0.06466666666666665,0.20838888888888887,0.15322222222222223,0.15005555555555558,0.11827777777777777,0.20672222222222225,0.21316666666666667,0.1645,0.06955555555555555,0.16549999999999998,0.2290555555555556,0.085,0.1938888888888889,0.27505555555555555,0.1375,0.11805555555555557,0.09016666666666669,0.25066666666666665,0.312,0.28833333333333333,0.0811111111111111,0.0,0.18294444444444444,0.19605555555555557,0.07050000000000001,0.12144444444444444,0.09644444444444444,0.23427777777777775,0.20938888888888887
0.15505555555555556,0.22172222222222224,0.3018888888888889,0.08322222222222223,0.26433333333333336,0.18983333333333327,0.24372222222222223,0.16694444444444445,0.14816666666666667,0.2333333333333333,0.25355555555555553,0.2252222222222222,0.0747222222222222,0.09711111111111112,0.1515,0.20066666666666663,0.12527777777777777,0.19416666666666663,0.19922222222222224,0.15161111111111109,0.18827777777777777,0.13944444444444443,0.19316666666666665,0.13555555555555557,0.23694444444444443,0.22283333333333333,0.202,0.2795,0.1637222222222222,0.12227777777777776,0.217,0.23827777777777773,0.29888888888888887,0.10366666666666664,0.27805555555555556,0.34783333333333327,0.22166666666666668,0.24822222222222223,0.2247222222222222,0.2708888888888889,0.27655555555555555,0.2283888888888889,0.07427777777777778,0.16344444444444445,0.0,0.19261111111111107,0.18222222222222223,0.20561111111111116,0.1821111111111111,0.17433333333333334,0.19644444444444445
0.1673333333333333,0.144,0.11961111111111113,0.19855555555555557,0.08205555555555555,0.2416111111111111,0.21405555555555555,0.13266666666666668,0.06627777777777778,0.23661111111111113,0.07127777777777779,0.1686111111111111,0.15483333333333332,0.15566666666666665,0.11722222222222221,0.23666666666666664,0.12766666666666668,0.21516666666666667,0.22966666666666663,0.21727777777777776,0.12105555555555556,0.13033333333333333,0.19922222222222224,0.15527777777777776,0.23527777777777775,0.20477777777777775,0.2003333333333333,0.17622222222222222,0.051944444444444446,0.1205,0.2624444444444444,0.24155555555555555,0.1166111111111111,0.17311111111111113,0.14572222222222223,0.2568333333333333,0.131,0.2511666666666667,0.2349444444444444,0.0886111111111111,0.11594444444444443,0.13144444444444445,0.16711111111111113,0.2280555555555556,0.20266666666666663,0.0,0.201,0.14905555555555555,0.19333333333333327,0.14455555555555555,0.06555555555555556
0.06844444444444445,0.13511111111111107,0.22961111111111113,0.20672222222222225,0.2427222222222222,0.10883333333333332,0.15711111111111112,0.24805555555555556,0.22927777777777775,0.14672222222222223,0.22183333333333327,0.1386111111111111,0.16111111111111112,0.1613888888888889,0.23261111111111113,0.10388888888888888,0.18866666666666668,0.0823888888888889,0.09727777777777775,0.0955,0.2693888888888889,0.21755555555555556,0.07116666666666667,0.22955555555555557,0.15033333333333335,0.1362222222222222,0.11538888888888887,0.1928888888888889,0.2448333333333333,0.18566666666666665,0.12966666666666668,0.15166666666666667,0.22661111111111107,0.14688888888888887,0.19144444444444444,0.26122222222222213,0.1350555555555555,0.132,0.10688888888888888,0.25,0.3457222222222222,0.3095,0.09333333333333331,0.09144444444444447,0.19516666666666668,0.23294444444444443,0.0,0.119,0.0955,0.2554444444444445,0.2555
0.018277777777777775,0.08494444444444445,0.17944444444444443,0.19094444444444444,0.192,0.09255555555555556,0.14322222222222222,0.23227777777777775,0.2135,0.13283333333333333,0.1711111111111111,0.08572222222222223,0.14533333333333334,0.1456111111111111,0.21683333333333332,0.08761111111111108,0.17288888888888887,0.0661111111111111,0.0806111111111111,0.06822222222222223,0.2536111111111111,0.20177777777777775,0.05016666666666666,0.21377777777777776,0.13644444444444445,0.12233333333333332,0.1015,0.15916666666666668,0.20772222222222217,0.16988888888888887,0.11338888888888889,0.13777777777777775,0.17644444444444443,0.11961111111111113,0.14127777777777775,0.2275,0.0848888888888889,0.111,0.08588888888888889,0.19927777777777775,0.295,0.2937222222222223,0.07755555555555556,0.07899999999999999,0.17938888888888888,0.18222222222222223,0.051944444444444446,0.0,0.04427777777777778,0.23966666666666664,0.20477777777777775
0.02772222222222222,0.09438888888888888,0.18888888888888888,0.19427777777777777,0.202,0.0926111111111111,0.13411111111111113,0.23561111111111116,0.21683333333333332,0.1237222222222222,0.1811111111111111,0.09788888888888889,0.14866666666666667,0.14894444444444446,0.22016666666666668,0.08766666666666667,0.17622222222222222,0.06733333333333333,0.0715,0.0815,0.2569444444444444,0.20511111111111113,0.04105555555555556,0.21711111111111112,0.12733333333333333,0.11322222222222222,0.09238888888888888,0.1686111111111111,0.2177222222222222,0.17322222222222222,0.11344444444444444,0.12866666666666665,0.18588888888888888,0.1328888888888889,0.15072222222222223,0.23694444444444443,0.09433333333333331,0.10188888888888888,0.07677777777777779,0.20927777777777776,0.305,0.2970555555555556,0.08088888888888889,0.08211111111111112,0.1827222222222222,0.1922222222222222,0.050888888888888886,0.0782777777777778,0.0,0.243,0.21477777777777776
0.2577777777777778,0.2559444444444444,0.2315555555555556,0.15938888888888889,0.194,0.2855,0.32599999999999996,0.10383333333333332,0.09666666666666665,0.33605555555555555,0.18322222222222223,0.28033333333333327,0.1648888888888889,0.1657222222222222,0.12783333333333333,0.29633333333333334,0.13533333333333333,0.29650000000000004,0.30194444444444446,0.2539444444444445,0.023833333333333328,0.13994444444444443,0.29588888888888887,0.1161111111111111,0.3396666666666667,0.31672222222222224,0.3047222222222222,0.2881666666666667,0.11222222222222222,0.1297222222222222,0.31266666666666665,0.341,0.22855555555555557,0.1993333333333333,0.25766666666666665,0.36877777777777776,0.2429444444444445,0.35094444444444445,0.3270555555555556,0.20055555555555557,0.10222222222222221,0.05405555555555555,0.177,0.2591111111111111,0.2127222222222222,0.1411111111111111,0.28494444444444444,0.261,0.2848333333333334,0.0,0.14494444444444443
0.159,0.15161111111111109,0.18711111111111112,0.1635,0.14955555555555555,0.21327777777777776,0.23772222222222217,0.1615,0.09883333333333334,0.25705555555555554,0.13877777777777775,0.13905555555555557,0.13544444444444445,0.11466666666666667,0.14605555555555555,0.21994444444444444,0.07933333333333334,0.19844444444444445,0.22133333333333327,0.1558888888888889,0.16461111111111112,0.13727777777777775,0.19088888888888889,0.16716666666666663,0.2604444444444445,0.22844444444444445,0.2255,0.23316666666666663,0.08472222222222223,0.08261111111111111,0.23411111111111113,0.262,0.1841111111111111,0.10977777777777777,0.17622222222222222,0.30150000000000005,0.15672222222222223,0.25172222222222224,0.22661111111111107,0.15611111111111112,0.1741111111111111,0.17527777777777778,0.10477777777777776,0.17955555555555555,0.18327777777777776,0.07205555555555555,0.1922222222222222,0.14072222222222222,0.185,0.16888888888888887,0.0
